time,ensemble,pfaf_id,Rainf_tavg,Qair_f_tavg,Qs_tavg,Evap_tavg,Tair_f_tavg,SoilMoist_inst_lvl_0,SoilMoist_inst_lvl_1,SoilMoist_inst_lvl_2,SoilMoist_inst_lvl_3,SoilTemp_inst_lvl_0,SoilTemp_inst_lvl_1,SoilTemp_inst_lvl_2,SoilTemp_inst_lvl_3,Streamflow_tavg
2024-12-31T00:00:00,1.0,61567,3.7902891635894775,15.34969711303711,0.03135431930422783,3.473910093307495,25.151519775390625,0.32583460211753845,0.3366568088531494,0.3428537845611572,0.3521900475025177,26.69567108154297,25.997526168823242,25.840370178222656,25.91560173034668,784.03515625
2024-12-31T00:00:00,2.0,61567,5.509288311004639,16.16827392578125,0.06001467630267143,3.4699790477752686,25.42129135131836,0.341403603553772,0.34532612562179565,0.348644882440567,0.3553556203842163,26.89518928527832,26.149808883666992,25.94668960571289,25.96048927307129,878.5557861328125
2024-12-31T00:00:00,3.0,61567,4.226653575897217,15.778609275817871,0.036308906972408295,3.4708282947540283,25.512006759643555,0.3299594521522522,0.3388614356517792,0.34423118829727173,0.35276857018470764,26.962127685546875,26.203407287597656,25.960643768310547,25.961034774780273,781.5930786132812
2024-12-31T00:00:00,4.0,61567,5.6021013259887695,16.08769416809082,0.06036025285720825,3.485821485519409,25.347787857055664,0.3434123396873474,0.3469572067260742,0.35020482540130615,0.35699090361595154,26.827411651611328,26.0814266204834,25.9132022857666,25.95351791381836,879.1754760742188
2024-12-31T00:00:00,5.0,61567,5.071430683135986,16.114091873168945,0.05345405265688896,3.5029308795928955,25.47895622253418,0.3390815556049347,0.3440549969673157,0.34816643595695496,0.3557349145412445,26.942625045776367,26.199159622192383,25.976213455200195,25.971284866333008,833.109375
2024-12-31T00:00:00,6.0,61567,4.270978927612305,15.58356761932373,0.03994205594062805,3.4915459156036377,25.203598022460938,0.3288137912750244,0.3383480906486511,0.3444678783416748,0.3540384769439697,26.769180297851562,26.04755210876465,25.862773895263672,25.927518844604492,808.8157348632812
2024-12-31T00:00:00,7.0,61567,3.9418489933013916,15.630499839782715,0.03328867256641388,3.5338971614837646,25.536529541015625,0.32875126600265503,0.3380155861377716,0.34361088275909424,0.3519997298717499,26.959177017211914,26.227693557739258,26.005815505981445,25.991628646850586,792.8101806640625
2025-01-31T00:00:00,1.0,61567,3.785460948944092,14.168191909790039,0.03527802601456642,3.3309147357940674,25.58511734008789,0.31067684292793274,0.33205753564834595,0.3386888802051544,0.34918347001075745,27.131553649902344,26.113750457763672,25.58548927307129,25.41259002685547,456.295166015625
2025-01-31T00:00:00,2.0,61567,5.303081512451172,15.800300598144531,0.08146403729915619,3.48779559135437,25.50516700744629,0.34213176369667053,0.35097193717956543,0.35970404744148254,0.3762679398059845,27.012142181396484,26.10892677307129,25.66987419128418,25.5097599029541,993.8439331054688
2025-01-31T00:00:00,3.0,61567,3.1235175132751465,14.321603775024414,0.028944121673703194,3.3467679023742676,25.567947387695312,0.3101060688495636,0.3335227966308594,0.34295469522476196,0.3569576144218445,27.21723747253418,26.243404388427734,25.743330001831055,25.55446434020996,678.9119262695312
2025-01-31T00:00:00,4.0,61567,3.6358134746551514,15.360908508300781,0.036505039781332016,3.4997053146362305,25.96476173400879,0.32923048734664917,0.34376731514930725,0.354023814201355,0.37141844630241394,27.34117889404297,26.334701538085938,25.736892700195312,25.49642562866211,928.5219116210938
2025-01-31T00:00:00,5.0,61567,5.001150608062744,15.402251243591309,0.06618087738752365,3.4680161476135254,25.49757194519043,0.3373274505138397,0.3470116853713989,0.35513395071029663,0.3695226013660431,26.956119537353516,26.05388832092285,25.641563415527344,25.51394271850586,834.7459716796875
2025-01-31T00:00:00,6.0,61567,5.863363265991211,15.716841697692871,0.08429320156574249,3.443908214569092,25.239511489868164,0.342869371175766,0.34953904151916504,0.3558334410190582,0.36807653307914734,26.798311233520508,25.914813995361328,25.528223037719727,25.414024353027344,876.8997192382812
2025-01-31T00:00:00,7.0,61567,3.9474823474884033,14.602115631103516,0.04228236898779869,3.3486030101776123,25.632482528686523,0.3099362254142761,0.3323330283164978,0.3394600749015808,0.3506455719470978,27.35357093811035,26.365219116210938,25.82316780090332,25.602888107299805,531.5017700195312
2025-02-28T00:00:00,1.0,61567,5.826424598693848,15.809576988220215,0.0797211080789566,3.3615963459014893,25.540639877319336,0.3374215066432953,0.34471240639686584,0.3498148024082184,0.3615339398384094,27.066259384155273,26.32854461669922,25.792757034301758,25.447744369506836,691.6061401367188
2025-02-28T00:00:00,2.0,61567,6.305784225463867,16.066701889038086,0.10148171335458755,3.4472522735595703,25.10658073425293,0.35375094413757324,0.3592619299888611,0.368728905916214,0.3900562822818756,26.70268440246582,26.012588500976562,25.590869903564453,25.38657569885254,1337.136962890625
2025-02-28T00:00:00,3.0,61567,6.482271671295166,16.068735122680664,0.08867021650075912,3.4095804691314697,25.724023818969727,0.33967751264572144,0.34633904695510864,0.35063308477401733,0.3616667687892914,27.21155548095703,26.427518844604492,25.848012924194336,25.517179489135742,723.5855102539062
2025-02-28T00:00:00,4.0,61567,4.906888961791992,15.445320129394531,0.0607839860022068,3.339890241622925,26.13731575012207,0.3299674987792969,0.3423451781272888,0.3500136733055115,0.3651665151119232,27.503189086914062,26.70306968688965,26.10066032409668,25.66249656677246,733.111328125
2025-02-28T00:00:00,5.0,61567,3.9413158893585205,14.990276336669922,0.04551620036363602,3.395493745803833,26.068233489990234,0.3280748426914215,0.3427080810070038,0.35283270478248596,0.3710494637489319,27.39301300048828,26.555265426635742,25.91244888305664,25.499916076660156,867.0209350585938
2025-02-28T00:00:00,6.0,61567,3.953507900238037,15.359675407409668,0.04616705700755119,3.356595516204834,26.142837524414062,0.32858216762542725,0.34304288029670715,0.3535357713699341,0.3724708557128906,27.477663040161133,26.590652465820312,25.847200393676758,25.39354133605957,970.8270263671875
2025-02-28T00:00:00,7.0,61567,4.6374192237854,14.748477935791016,0.05381537601351738,3.3484280109405518,25.91750717163086,0.3176215887069702,0.3364635109901428,0.34337976574897766,0.35672348737716675,27.451271057128906,26.576669692993164,25.929399490356445,25.566360473632812,639.8924560546875
2025-03-31T00:00:00,1.0,61567,5.772049903869629,16.146909713745117,0.08023960143327713,3.3979921340942383,25.8995418548584,0.3461224138736725,0.3518769443035126,0.36013662815093994,0.3785805404186249,27.15915298461914,26.514657974243164,25.942760467529297,25.554174423217773,1069.832763671875
2025-03-31T00:00:00,2.0,61567,5.879903793334961,15.9368896484375,0.09433974325656891,3.308894634246826,25.314973831176758,0.3468276262283325,0.3537503182888031,0.3634713590145111,0.38442081212997437,26.781307220458984,26.189861297607422,25.67001724243164,25.356212615966797,1224.231201171875
2025-03-31T00:00:00,3.0,61567,4.50246524810791,15.662273406982422,0.05770185962319374,3.4629030227661133,26.32042121887207,0.3232933282852173,0.34110110998153687,0.35009244084358215,0.3677043318748474,27.82093048095703,27.092344284057617,26.36083984375,25.79512596130371,812.4290771484375
2025-03-31T00:00:00,4.0,61567,6.216541767120361,15.998726844787598,0.09841528534889221,3.3041505813598633,25.204296112060547,0.34866535663604736,0.3536643385887146,0.361674427986145,0.38038370013237,26.69392967224121,26.173120498657227,25.799861907958984,25.613676071166992,1160.763916015625
2025-03-31T00:00:00,5.0,61567,6.658963203430176,16.137094497680664,0.1111418753862381,3.419809103012085,25.385305404663086,0.3491901159286499,0.35442066192626953,0.362367182970047,0.38155853748321533,26.885204315185547,26.330690383911133,25.859350204467773,25.571500778198242,1150.716064453125
2025-03-31T00:00:00,6.0,61567,6.178579807281494,15.687639236450195,0.09697162359952927,3.2924559116363525,25.26302146911621,0.3462029993534088,0.35172414779663086,0.3596055805683136,0.37780866026878357,26.707908630371094,26.207735061645508,25.849870681762695,25.588943481445312,1029.6805419921875
2025-03-31T00:00:00,7.0,61567,6.443244457244873,16.01085662841797,0.09644470363855362,3.3773739337921143,25.932180404663086,0.34620460867881775,0.3514469265937805,0.3585766553878784,0.3752320110797882,27.183313369750977,26.5756778717041,26.059602737426758,25.697877883911133,994.626220703125
2025-04-30T00:00:00,1.0,61567,6.451380252838135,16.38197135925293,0.09341704100370407,3.4981584548950195,25.7849063873291,0.35202065110206604,0.3556743562221527,0.36396774649620056,0.38525834679603577,26.857894897460938,26.353900909423828,25.920949935913086,25.628755569458008,1384.6461181640625
2025-04-30T00:00:00,2.0,61567,6.615971088409424,16.21164321899414,0.09789401292800903,3.399951219558716,24.90585708618164,0.35644251108169556,0.36003419756889343,0.36862218379974365,0.391371488571167,26.178438186645508,25.778301239013672,25.497724533081055,25.335182189941406,1593.05517578125
2025-04-30T00:00:00,3.0,61567,6.4542412757873535,16.033788681030273,0.09224400669336319,3.3488168716430664,25.212799072265625,0.35143083333969116,0.35469862818717957,0.36193814873695374,0.38175874948501587,26.434242248535156,26.085424423217773,25.920610427856445,25.824462890625,1256.9459228515625
2025-04-30T00:00:00,4.0,61567,6.930976867675781,16.22943115234375,0.10820169746875763,3.307006359100342,24.790422439575195,0.3567238450050354,0.3599989414215088,0.36829471588134766,0.3906009793281555,26.14277458190918,25.778308868408203,25.545557022094727,25.419084548950195,1536.940673828125
2025-04-30T00:00:00,5.0,61567,6.729989528656006,16.110671997070312,0.09949902445077896,3.357830047607422,24.898122787475586,0.35539954900741577,0.3585926294326782,0.3667087256908417,0.38869643211364746,26.164974212646484,25.75990867614746,25.512252807617188,25.42285919189453,1490.8370361328125
2025-04-30T00:00:00,6.0,61567,6.4855828285217285,16.074094772338867,0.08713191002607346,3.267084836959839,24.90273666381836,0.3536948263645172,0.35729336738586426,0.36570513248443604,0.38777387142181396,26.204362869262695,25.8023681640625,25.524978637695312,25.40047264099121,1394.327880859375
2025-04-30T00:00:00,7.0,61567,6.606001377105713,16.361482620239258,0.0938524529337883,3.4544754028320312,25.775299072265625,0.35325708985328674,0.3562850058078766,0.36402761936187744,0.3852609097957611,26.83602523803711,26.342790603637695,25.96619415283203,25.70998764038086,1401.63525390625
2025-05-31T00:00:00,1.0,61567,6.7656731605529785,16.46800994873047,0.09021992236375809,3.3848185539245605,25.152082443237305,0.35643303394317627,0.3586752712726593,0.36538010835647583,0.38780027627944946,26.034893035888672,25.563447952270508,25.398235321044922,25.37348175048828,1510.5186767578125
2025-05-31T00:00:00,2.0,61567,6.442142009735107,15.994109153747559,0.0729292705655098,3.246666431427002,24.50149154663086,0.35626962780952454,0.35910505056381226,0.3670347034931183,0.39072084426879883,25.5526123046875,25.111112594604492,24.984405517578125,25.0131893157959,1532.93359375
2025-05-31T00:00:00,3.0,61567,6.590435981750488,16.09632682800293,0.08260873705148697,3.3518998622894287,24.67893409729004,0.3550070524215698,0.35735076665878296,0.3643215000629425,0.38713744282722473,25.696908950805664,25.276954650878906,25.18383026123047,25.263036727905273,1429.9410400390625
2025-05-31T00:00:00,4.0,61567,6.802452564239502,16.236291885375977,0.087003193795681,3.298377513885498,24.80415916442871,0.35786381363868713,0.3603750467300415,0.3676016628742218,0.3907700479030609,25.79949188232422,25.32447624206543,25.127511978149414,25.088661193847656,1575.5045166015625
2025-05-31T00:00:00,5.0,61567,7.106837272644043,16.37405776977539,0.09779877960681915,3.2517127990722656,24.771163940429688,0.35940948128700256,0.3615897595882416,0.3684765696525574,0.39158713817596436,25.804471969604492,25.340045928955078,25.150102615356445,25.100025177001953,1625.3565673828125
2025-05-31T00:00:00,6.0,61567,6.695361614227295,16.206497192382812,0.08641241490840912,3.363112449645996,24.85652732849121,0.35734978318214417,0.3595832884311676,0.3662836253643036,0.3888181149959564,25.757104873657227,25.269155502319336,25.064098358154297,25.040096282958984,1502.6671142578125
2025-05-31T00:00:00,7.0,61567,6.496856212615967,16.176240921020508,0.07644978910684586,3.3892130851745605,24.945470809936523,0.35520392656326294,0.3577375113964081,0.36466750502586365,0.3869358003139496,25.86566734313965,25.44266700744629,25.339155197143555,25.366809844970703,1510.3348388671875
